chrname	position	gene	label
chr1	102355549	KANK1	migraine disorder
chr1	102508805	DMRT1	unipolar depression
chr1	105773381	GLIS3	primary angle closure glaucoma
chr1	105773381	GLIS3	schizophrenia
chr1	110153603	PTPRD	migraine disorder
chr1	110153603	PTPRD	schizophrenia
chr1	117313610	SNAPC3	schizophrenia
chr1	11946397	HS6ST3	schizophrenia
chr1	12434263	MBNL2	alcohol dependence
chr1	128880221	PLAA	schizophrenia
chr1	129165965	TEK	schizophrenia
chr1	129982183	LINGO2	schizophrenia
chr1	13544455	FARP1	migraine disorder
chr1	135983685	NCAN	bipolar disorder
chr1	13636954	STK24	Alzheimers disease
chr1	137340601	RUSC2	schizophrenia
chr1	141444400	GABBR2	schizophrenia
chr1	142263282	TGFBR1	age-related macular degeneration
chr1	152499424	TMEM245	schizophrenia
chr1	153921428	SVEP1	bipolar disorder
chr1	157795032	DFNB31	bipolar disorder
chr1	160220243	ASTN2	attention deficit hyperactivity disorder
chr1	160220243	ASTN2	migraine disorder
chr1	162814675	BRINP1	multiple sclerosis
chr1	170988194	RALGPS1	schizophrenia
chr1	171257627	GARNL3	bipolar disorder
chr1	172172286	DNM1	attention deficit hyperactivity disorder
chr1	172778276	CCBL1	schizophrenia
chr1	174221482	NCS1	Alzheimers disease
chr1	176929381	AK8	attention deficit hyperactivity disorder
chr1	176929381	AK8	unipolar depression
chr1	177089265	GFI1B	bipolar disorder
chr1	177910489	VAV2	multiple sclerosis
chr1	184185289	TBX1	schizophrenia
chr1	184328747	TXNRD2	glaucoma
chr1	184328747	TXNRD2	open-angle glaucoma
chr1	184390555	COMT	schizophrenia
chr1	184579982	ZDHHC8	schizophrenia
chr1	185662586	YPEL1	schizophrenia
chr1	185753800	MAPK1	multiple sclerosis
chr1	194083857	LIMK2	schizophrenia
chr1	195177934	SYN3	age-related macular degeneration
chr1	201957408	RANGAP1	schizophrenia
chr1	204140487	PARVB	Alzheimers disease
chr1	209348537	BRD1	schizophrenia
chr1	24298236	MYO16	Alzheimers disease
chr1	40810396	KLF12	schizophrenia
chr1	43195553	DACH1	sporadic amyotrophic lateral sclerosis
chr1	47639101	PCDH9	schizophrenia
chr1	61989929	OLFM4	sporadic amyotrophic lateral sclerosis
chr1	64787677	DLEU1	multiple sclerosis
chr1	76134517	FAM120A	schizophrenia
chr1	79697134	SLC35D2	migraine disorder
chr1	88795989	TLE4	bipolar disorder
chr1	92150726	PRUNE2	hippocampal atrophy
chr1	9353928	GPC6	Alzheimers disease
chr1	9353928	GPC6	attention deficit hyperactivity disorder
chr1	9353928	GPC6	schizophrenia
chr1	94287936	TRPM6	schizophrenia
chr1	99674761	APBA1	schizophrenia
chr1	99761752	FAM189A2	bipolar disorder
chr10	100831477	BATF	multiple sclerosis
chr10	1021914	FAM63B	schizophrenia
chr10	102584364	TMEM63C	bipolar disorder
chr10	104304502	NRXN3	Alzheimers disease
chr10	10859712	ITGA11	attention deficit hyperactivity disorder
chr10	10859712	ITGA11	unipolar depression
chr10	118042339	SLC24A4	Alzheimers disease
chr10	120823384	CLMN	Alzheimers disease
chr10	125038674	BCL11B	schizophrenia
chr10	127849989	PPP2R5C	autism
chr10	129695278	PPP1R13B	schizophrenia
chr10	130006345	TDRD9	bipolar disorder
chr10	130006345	TDRD9	schizophrenia
chr10	18583781	CTSH	bipolar disorder
chr10	20977514	FRMD5	schizophrenia
chr10	22041864	SORD	Alzheimers disease
chr10	26097821	SHC4	schizophrenia
chr10	26097821	SHC4	unipolar depression
chr10	27813086	SPPL2A	Alzheimers disease
chr10	2830581	RORA	schizophrenia
chr10	2830581	RORA	unipolar depression
chr10	29810261	FAM214A	schizophrenia
chr10	35673260	PLCB2	schizophrenia
chr10	5092138	TLN2	Alzheimers disease
chr10	53707322	PRKD1	schizophrenia
chr10	5639063	RAB8B	schizophrenia
chr10	57927415	NPAS3	bipolar disorder
chr10	57927415	NPAS3	schizophrenia
chr10	60186073	RALGAPA1	schizophrenia
chr10	6704991	TRIP4	Alzheimers disease
chr10	737465	LIPC	Alzheimers disease
chr10	737465	LIPC	schizophrenia
chr10	77449432	FERMT2	Alzheimers disease
chr10	77449432	FERMT2	primary angle closure glaucoma
chr10	82426131	SLC35F4	attention deficit hyperactivity disorder
chr10	82426131	SLC35F4	bipolar disorder
chr10	84428861	JKAMP	schizophrenia
chr10	84569621	RTN1	schizophrenia
chr10	85486305	SIX6	open-angle glaucoma
chr10	87858982	KCNH5	unipolar depression
chr10	92143806	GPHN	unipolar depression
chr10	93008232	ZFYVE26	sporadic amyotrophic lateral sclerosis
chr10	93070807	RAD51B	age-related macular degeneration
chr10	96268499	PCNX	alcohol dependence
chr10	96268499	PCNX	Alzheimers disease
chr10	96268499	PCNX	schizophrenia
chr10	97711018	RGS6	schizophrenia
chr10	97711018	RGS6	sporadic amyotrophic lateral sclerosis
chr10	98615006	NUMB	bipolar disorder
chr11	108113020	TSPAN18	schizophrenia
chr11	10843705	TTC12	schizophrenia
chr11	109594040	DGKZ	schizophrenia
chr11	110159590	LRP4	schizophrenia
chr11	110770350	CELF1	Alzheimers disease
chr11	11459363	HTR3B	schizophrenia
chr11	115614228	MS4A6A	Alzheimers disease
chr11	116345190	CD6	multiple sclerosis
chr11	119412460	MARK2	schizophrenia
chr11	119740998	STIP1	attention deficit hyperactivity disorder
chr11	119763502	FERMT3	attention deficit hyperactivity disorder
chr11	119779754	TRPT1	attention deficit hyperactivity disorder
chr11	121324817	PCNXL3	schizophrenia
chr11	122296669	CTSF	bipolar disorder
chr11	122559370	C11orf80	bipolar disorder
chr11	129536055	AP2A2	Alzheimers disease
chr11	18159925	ARHGEF12	open-angle glaucoma
chr11	18619385	GRIK4	attention deficit hyperactivity disorder
chr11	19335971	SORL1	Alzheimers disease
chr11	21383506	GRAMD1B	schizophrenia
chr11	22425787	SIAE	bipolar disorder
chr11	22521527	NRGN	schizophrenia
chr11	23238962	PKNOX2	alcohol dependence
chr11	23238962	PKNOX2	schizophrenia
chr11	23330234	FEZ1	schizophrenia
chr11	23923015	CDON	Alzheimers disease
chr11	30410799	NTM	schizophrenia
chr11	30609950	OPCML	alcohol dependence
chr11	30609950	OPCML	schizophrenia
chr11	30609950	OPCML	sporadic amyotrophic lateral sclerosis
chr11	32157661	IGSF9B	schizophrenia
chr11	32376700	JAM3	schizophrenia
chr11	37194179	CNTN5	alcohol dependence
chr11	49216475	GRM5	attention deficit hyperactivity disorder
chr11	49715138	RAB38	Frontotemporal dementia
chr11	51842066	PICALM	Alzheimers disease
chr11	54172526	DLG2	schizophrenia
chr11	59413042	TENM4	bipolar disorder
chr11	59969068	GAB2	Alzheimers disease
chr11	64349473	PGM2L1	hippocampal atrophy
chr11	71383689	EIF3F	unipolar depression
chr11	74035127	MRVI1	migraine disorder
chr11	76979134	ARNTL	schizophrenia
chr11	77729611	SPON1	Alzheimers disease
chr11	80387426	PLEKHA7	glaucoma
chr11	80387426	PLEKHA7	primary angle closure glaucoma
chr11	80678727	PIK3C2A	schizophrenia
chr11	8106345	ARHGAP20	Alzheimers disease
chr11	81958497	LDHC	sporadic amyotrophic lateral sclerosis
chr11	83418268	NAV2	attention deficit hyperactivity disorder
chr11	88170190	LUZP2	Alzheimers disease
chr11	88170190	LUZP2	schizophrenia
chr11	94574955	DNAJC24	glaucoma
chr11	94775403	ELP4	glaucoma
chr12	100062161	ZDHHC6	migraine disorder
chr12	100201610	VTI1A	multiple sclerosis
chr12	10185640	GRIN2A	schizophrenia
chr12	103882752	GFRA1	migraine disorder
chr12	108429564	PPAPDC1A	Alzheimers disease
chr12	10901401	EMP2	attention deficit hyperactivity disorder
chr12	110127713	TACC2	schizophrenia
chr12	115178634	DOCK1	schizophrenia
chr12	14239946	SHISA9	schizophrenia
chr12	14975774	SNX29	schizophrenia
chr12	16096239	CLEC16A	multiple sclerosis
chr12	19664645	GPR139	attention deficit hyperactivity disorder
chr12	20867827	C16orf52	schizophrenia
chr12	22511666	PALB2	bipolar disorder
chr12	24949321	HS3ST4	schizophrenia
chr12	28050340	MAZ	multiple sclerosis
chr12	32335236	CXCL12	schizophrenia
chr12	34748952	VSTM4	migraine disorder
chr12	37506530	WAPAL	migraine disorder
chr12	37506530	WAPAL	sporadic amyotrophic lateral sclerosis
chr12	38364782	GRID1	schizophrenia
chr12	38364782	GRID1	sporadic amyotrophic lateral sclerosis
chr12	43807898	SH2D4B	Alzheimers disease
chr12	44704407	ZMIZ1	bipolar disorder
chr12	44704407	ZMIZ1	multiple sclerosis
chr12	4504899	DNAJA3	schizophrenia
chr12	52864420	UNC5B	attention deficit hyperactivity disorder
chr12	53420886	ADAMTS14	bipolar disorder
chr12	55149309	KIAA1279	schizophrenia
chr12	55305481	DDX50	unipolar depression
chr12	56676313	CTNNA3	migraine disorder
chr12	56676313	CTNNA3	nicotine dependence
chr12	61954329	ZNF365	schizophrenia
chr12	62125719	RTKN2	schizophrenia
chr12	64249730	ANK3	bipolar disorder
chr12	64249730	ANK3	schizophrenia
chr12	64249730	ANK3	sporadic amyotrophic lateral sclerosis
chr12	65618082	BICC1	schizophrenia
chr12	70051735	PCDH15	Pituitary Gland Adenoma
chr12	70051735	PCDH15	schizophrenia
chr12	72005207	PRKG1	migraine disorder
chr12	72005207	PRKG1	schizophrenia
chr12	7851095	RBFOX1	glaucoma
chr12	7851095	RBFOX1	schizophrenia
chr12	82421048	SORBS1	migraine disorder
chr12	83447360	TLL2	attention deficit hyperactivity disorder
chr12	85718969	HPSE2	migraine disorder
chr12	88061683	PAX2	Alzheimers disease
chr12	89805969	CUEDC2	autism spectrum disorder
chr12	89970108	SUFU	schizophrenia
chr12	90506295	NT5C2	schizophrenia
chr12	9215896	PMM2	open-angle glaucoma
chr12	92665568	SORCS3	schizophrenia
chr12	97767217	MXI1	multiple sclerosis
chr13	10707834	CLU	Alzheimers disease
chr13	10818767	CHRNA2	schizophrenia
chr13	10854732	PTK2B	Alzheimers disease
chr13	11787723	BNIP3L	schizophrenia
chr13	14907828	CHMP7	attention deficit hyperactivity disorder
chr13	18094192	ATP6V1B2	unipolar depression
chr13	19643552	PSD3	schizophrenia
chr13	20710946	PDGFRL	sporadic amyotrophic lateral sclerosis
chr13	21151545	ZDHHC2	schizophrenia
chr13	21261016	MICU3	alcohol dependence
chr13	2387614	CSMD1	Alzheimers disease
chr13	2387614	CSMD1	multiple sclerosis
chr13	2387614	CSMD1	schizophrenia
chr13	24269048	SGCZ	schizophrenia
chr13	25364282	DLC1	bipolar disorder
chr13	25503125	KIAA1456	migraine disorder
chr13	25503125	KIAA1456	schizophrenia
chr13	26623208	PPP1R3B	Alzheimers disease
chr13	28041730	LEPROTL1	migraine disorder
chr13	35970091	LSM1	schizophrenia
chr13	36221538	LETM2	schizophrenia
chr13	40078810	CHRNB3	nicotine dependence
chr13	45131889	GNAL	alcohol dependence
chr13	46396995	PIEZO2	unipolar depression
chr13	6775082	NEIL2	alcohol dependence
chr13	71597148	NOL4	schizophrenia
chr13	83843216	HAUS1	migraine disorder
chr13	8485110	MSRA	schizophrenia
chr13	86565330	CTIF	migraine disorder
chr13	91236424	DCC	alcohol dependence
chr13	91236424	DCC	schizophrenia
chr13	93289118	TCF4	schizophrenia
chr13	94768775	WDR7	alcohol dependence
chr13	96247264	NEDD4L	migraine disorder
chr13	96247264	NEDD4L	sporadic amyotrophic lateral sclerosis
chr13	96438430	ALPK2	multiple sclerosis
chr13	96609276	MALT1	multiple sclerosis
chr13	97353704	CCBE1	unipolar depression
chr14	106990595	MYT1L	attention deficit hyperactivity disorder
chr14	1301397	LMAN2L	bipolar disorder
chr14	13543330	RANBP2	Alzheimers disease
chr14	13543330	RANBP2	schizophrenia
chr14	1420050	CNNM3	schizophrenia
chr14	16659345	MERTK	multiple sclerosis
chr14	19740436	RMND5A	schizophrenia
chr14	26164501	CTNNA2	Alzheimers disease
chr14	2698988	INPP4A	bipolar disorder
chr14	2807457	MGAT4A	bipolar disorder
chr14	29354208	LRRTM4	schizophrenia
chr14	3019876	KIAA1211L	bipolar disorder
chr14	31147873	GCFC2	hippocampal atrophy
chr14	33243230	ALMS1	schizophrenia
chr14	33850261	EMX1	schizophrenia
chr14	34721912	CYP26B1	schizophrenia
chr14	46740161	BCL11A	attention deficit hyperactivity disorder
chr14	46740161	BCL11A	schizophrenia
chr14	49176245	VRK2	epilepsy
chr14	49176245	VRK2	schizophrenia
chr14	59950812	FBXO11	schizophrenia
chr14	62416421	SRBD1	glaucoma
chr14	65364960	MTA3	attention deficit hyperactivity disorder
chr14	69245053	SOS1	Corticobasal degeneration
chr14	70913921	QPCT	schizophrenia
chr14	7346239	TMEM182	schizophrenia
chr14	75655265	TTC27	hippocampal atrophy
chr14	80595035	RBKS	schizophrenia
chr14	80755694	SLC4A1AP	Alzheimers disease
chr14	83367904	EFR3B	schizophrenia
chr15	10329516	LPP	schizophrenia
chr15	18166426	PAK2	schizophrenia
chr15	28124529	DNAH1	schizophrenia
chr15	28368871	PBRM1	bipolar disorder
chr15	28588325	ITIH3	bipolar disorder
chr15	28588325	ITIH3	schizophrenia
chr15	28609726	ITIH4	schizophrenia
chr15	30559210	CACNA2D3	Alzheimers disease
chr15	36000476	FHIT	attention deficit hyperactivity disorder
chr15	36000476	FHIT	schizophrenia
chr15	38381990	PTPRG	schizophrenia
chr15	45514372	FRMD4B	Alzheimers disease
chr15	45514372	FRMD4B	schizophrenia
chr15	47337181	FOXP1	attention deficit hyperactivity disorder
chr15	47337181	FOXP1	migraine disorder
chr15	47337181	FOXP1	schizophrenia
chr15	4801164	LAMP3	bipolar disorder
chr15	54786730	CNTN4	schizophrenia
chr15	56279291	SUMF1	multiple sclerosis
chr15	5764594	DVL3	unipolar depression
chr15	59271357	GRM7	schizophrenia
chr15	59271357	GRM7	unipolar depression
chr15	60683742	OXTR	alcohol dependence
chr15	62297792	ATP2B2	schizophrenia
chr15	62297792	ATP2B2	sporadic amyotrophic lateral sclerosis
chr15	68750638	EEFSEC	schizophrenia
chr15	74431204	PARP15	unipolar depression
chr15	74876001	CD86	multiple sclerosis
chr15	74961599	ILDR1	multiple sclerosis
chr15	75021525	SLC15A2	multiple sclerosis
chr15	75420261	FBXO40	Alzheimers disease
chr15	77383502	TIMMDC1	multiple sclerosis
chr15	77519519	ARHGAP31	schizophrenia
chr15	82399874	ZBTB20	schizophrenia
chr15	8865227	MASP1	sporadic amyotrophic lateral sclerosis
chr15	91205722	CBLB	multiple sclerosis
chr15	95999297	ABI3BP	alcohol dependence
chr15	97131716	COL8A1	age-related macular degeneration
chr16	13882495	CLVS1	migraine disorder
chr16	13882495	CLVS1	sporadic amyotrophic lateral sclerosis
chr16	23555237	EYA1	migraine disorder
chr16	39896570	MMP16	schizophrenia
chr16	46861352	NDUFAF6	Alzheimers disease
chr16	51052208	NAPRT	attention deficit hyperactivity disorder
chr16	5113998	ST18	Alzheimers disease
chr16	5113998	ST18	glaucoma
chr16	5113998	ST18	primary angle closure glaucoma
chr16	53412509	SLC45A4	bipolar disorder
chr16	64534760	ASAP1	migraine disorder
chr16	64534760	ASAP1	multiple sclerosis
chr16	64534760	ASAP1	schizophrenia
chr16	75699858	MAL2	hippocampal atrophy
chr16	79261288	TRPS1	attention deficit hyperactivity disorder
chr16	79261288	TRPS1	unipolar depression
chr16	95125031	VPS13B	hippocampal atrophy
chr17	10689266	NLRP11	multiple sclerosis
chr17	23106055	ARHGEF26	schizophrenia
chr17	3209004	NAALADL2	autism spectrum disorder
chr17	36072722	CLSTN2	multiple sclerosis
chr17	38166042	MRAS	sporadic amyotrophic lateral sclerosis
chr17	40088779	STAG1	schizophrenia
chr17	40425368	PPP2R3A	schizophrenia
chr17	4524856	NLGN1	schizophrenia
chr17	4524856	NLGN1	unipolar depression
chr17	47950035	PLCL2	multiple sclerosis
chr17	47950035	PLCL2	schizophrenia
chr17	48279455	TBC1D5	schizophrenia
chr17	52180275	ZNF385D	attention deficit hyperactivity disorder
chr17	52180275	ZNF385D	bipolar disorder
chr17	63017708	CMTM8	alcohol dependence
chr17	63017708	CMTM8	bipolar disorder
chr17	68073411	ITGA9	sporadic amyotrophic lateral sclerosis
chr17	68844663	XYLB	schizophrenia
chr17	69962789	MOBP	Alzheimers disease
chr17	69962789	MOBP	attention deficit hyperactivity disorder
chr17	69962789	MOBP	Corticobasal degeneration
chr17	9146564	MYNN	multiple sclerosis
chr18	11650175	FCRL3	multiple sclerosis
chr18	1893547	BCL9	schizophrenia
chr18	19320194	PLA2G4A	epilepsy
chr18	19320194	PLA2G4A	schizophrenia
chr18	23482424	RNASEL	multiple sclerosis
chr18	3202812	HYKK	nicotine dependence
chr18	32470765	RABGAP1L	migraine disorder
chr18	3339899	CHRNA3	nicotine dependence
chr18	3339899	CHRNA3	schizophrenia
chr18	35106386	PRRC2C	Alzheimers disease
chr18	36920379	F5	hippocampal atrophy
chr18	38360919	MPC2	schizophrenia
chr18	38514491	MPZL1	Alzheimers disease
chr18	40187128	TMCO1	glaucoma
chr18	40187128	TMCO1	open-angle glaucoma
chr18	47304872	CFH	age-related macular degeneration
chr18	47304872	CFH	wet macular degeneration
chr18	8728682	KCNN3	Alzheimers disease
chr18	8728682	KCNN3	schizophrenia
chr18	8991070	ZBTB7B	schizophrenia
chr18	9888086	RIT1	schizophrenia
chr19	1129331	CAPN2	schizophrenia
chr19	14220661	HHAT	schizophrenia
chr19	14969178	GALNT2	schizophrenia
chr19	17205443	C1orf95	schizophrenia
chr19	18794039	CRB1	schizophrenia
chr19	22428330	CAMSAP2	epilepsy
chr19	22501036	C1orf106	multiple sclerosis
chr19	22589794	KIF21B	schizophrenia
chr19	26529231	LRRN2	schizophrenia
chr19	26902156	NFASC	sporadic amyotrophic lateral sclerosis
chr19	26998935	CNTN2	schizophrenia
chr19	31894382	IRF6	Alzheimers disease
chr19	34719983	SMYD3	migraine disorder
chr19	35291303	KIF26B	schizophrenia
chr19	37210552	AKT3	schizophrenia
chr19	37481449	SDCCAG8	schizophrenia
chr19	40420955	FMN2	Alzheimers disease
chr19	40420955	FMN2	schizophrenia
chr19	40791676	CHRM3	epilepsy
chr19	8170360	ESRRG	unipolar depression
chr2	104978353	SLCO6A1	schizophrenia
chr2	110915459	ERAP1	alcohol dependence
chr2	112884262	MCTP1	bipolar disorder
chr2	11621921	ZCWPW1	Alzheimers disease
chr2	117168927	ADGRV1	schizophrenia
chr2	126653964	SSBP2	glioblastoma multiforme
chr2	129378838	ARSB	attention deficit hyperactivity disorder
chr2	129378838	ARSB	hippocampal atrophy
chr2	132104868	SV2C	migraine disorder
chr2	136381658	MAP1B	attention deficit hyperactivity disorder
chr2	145949745	ZSWIM6	schizophrenia
chr2	146593865	ERCC8	schizophrenia
chr2	151501861	ANKRD55	Alzheimers disease
chr2	153594041	ARL15	migraine disorder
chr2	157971558	HCN1	schizophrenia
chr2	167716309	IL7R	multiple sclerosis
chr2	186628513	MYO10	unipolar depression
chr2	187508047	FBXL7	Alzheimers disease
chr2	192688757	CTNND2	sporadic amyotrophic lateral sclerosis
chr2	196425317	ADCY2	bipolar disorder
chr2	203262974	TERT	glioblastoma multiforme
chr2	29386839	TENM2	schizophrenia
chr2	35184020	CDC25C	schizophrenia
chr2	35403360	ETF1	schizophrenia
chr2	3636571	AUTS2	bipolar disorder
chr2	36709670	PSD2	schizophrenia
chr2	39131196	NDFIP1	multiple sclerosis
chr2	43887650	PPP2R2B	alcohol dependence
chr2	51486194	GRIA1	schizophrenia
chr2	52333127	GALNT10	schizophrenia
chr2	52412922	SAP30L	Alzheimers disease
chr2	54670718	SGCD	schizophrenia
chr2	55280796	TTYH3	schizophrenia
chr2	55422682	CHST12	multiple sclerosis
chr2	55783477	MAD1L1	bipolar disorder
chr2	55783477	MAD1L1	schizophrenia
chr2	59458257	SQSTM1	Alzheimers disease
chr2	61081116	ADAMTS2	attention deficit hyperactivity disorder
chr2	61955563	NSD1	migraine disorder
chr2	64129049	CPLX2	attention deficit hyperactivity disorder
chr2	68199128	STK10	migraine disorder
chr2	69663939	KCNIP1	multiple sclerosis
chr2	73537780	ACSL6	Alzheimers disease
chr2	73870416	FNIP1	Alzheimers disease
chr2	74250123	CDC42SE2	Alzheimers disease
chr2	77646685	FBN2	migraine disorder
chr2	78556933	MEGF10	Alzheimers disease
chr2	83121207	SNX24	migraine disorder
chr2	8607309	HIP1	alcohol dependence
chr2	87328697	DMXL1	Alzheimers disease
chr2	92351849	KCNN2	hippocampal sclerosis of aging
chr2	9279504	YWHAG	multiple sclerosis
chr2	94052926	REEP5	attention deficit hyperactivity disorder
chr2	95601381	CAMK4	Alzheimers disease
chr2	97274754	MAN2A1	schizophrenia
chr2	98151171	FER	schizophrenia
chr2	9892525	CUX1	schizophrenia
chr2	99776340	EFNA5	hippocampal atrophy
chr20	10942528	CETP	age-related macular degeneration
chr20	10942528	CETP	wet macular degeneration
chr20	11028593	NLRC5	schizophrenia
chr20	1708525	ABCC12	sporadic amyotrophic lateral sclerosis
chr20	21954508	NFATC3	schizophrenia
chr20	25410568	ZFHX3	schizophrenia
chr20	26490797	CFI	age-related macular degeneration
chr20	26937253	CALB2	schizophrenia
chr20	28305578	GLG1	schizophrenia
chr20	31867873	VAT1L	Alzheimers disease
chr20	37379891	CDH13	attention deficit hyperactivity disorder
chr20	37379891	CDH13	migraine disorder
chr20	37379891	CDH13	schizophrenia
chr20	37379891	CDH13	unipolar depression
chr20	38465354	TAF1C	autism
chr20	38750867	ATP2C2	attention deficit hyperactivity disorder
chr20	40060214	GSE1	sporadic amyotrophic lateral sclerosis
chr20	41808101	ZCCHC14	schizophrenia
chr20	41808101	ZCCHC14	unipolar depression
chr20	44185024	FANCA	schizophrenia
chr21	15993077	ROBO2	schizophrenia
chr21	22942894	CHODL	sporadic amyotrophic lateral sclerosis
chr21	40268215	DOPEY2	schizophrenia
chr21	43588894	B3GALT5	alcohol dependence
chr21	48349037	TSPEAR	Corticobasal degeneration
chr21	49283676	COL18A1	hippocampal atrophy
chr21	8251371	CADM2	Alzheimers disease
chr22	11775450	ZNF490	bipolar disorder
chr22	1494810	ATP8B3	bipolar disorder
chr22	15413513	EPS15L1	multiple sclerosis
chr22	15904666	CPAMD8	multiple sclerosis
chr22	16666027	UNC13A	Frontotemporal dementia
chr22	16666027	UNC13A	sporadic amyotrophic lateral sclerosis
chr22	17243707	MPV17L2	multiple sclerosis
chr22	2217162	GNG7	schizophrenia
chr22	25097879	ZNF536	schizophrenia
chr22	26964848	DPY19L3	bipolar disorder
chr22	27113663	ANKRD27	unipolar depression
chr22	27846334	PEPD	schizophrenia
chr22	32021721	ACTN4	migraine disorder
chr22	34517838	TGFB1	migraine disorder
chr22	34981024	GRIK5	bipolar disorder
chr22	36946307	TOMM40	age-related macular degeneration
chr22	36946307	TOMM40	Alzheimers disease
chr22	37633976	OPA3	alcohol dependence
chr22	39075523	SAE1	multiple sclerosis
chr22	40643135	MAMSTR	multiple sclerosis
chr22	40657991	RASIP1	bipolar disorder
chr22	41236127	DKKL1	multiple sclerosis
chr22	41469184	PRRG2	schizophrenia
chr22	42968610	CD33	Alzheimers disease
chr22	6369134	TNFSF14	multiple sclerosis
chr22	6400901	C3	age-related macular degeneration
chr22	766512	ABCA7	Alzheimers disease
chr3	103361793	CCSER1	sporadic amyotrophic lateral sclerosis
chr3	106993410	AFF1	Alzheimers disease
chr3	107974491	MAPK10	migraine disorder
chr3	115940414	ANXA3	sporadic amyotrophic lateral sclerosis
chr3	124256290	MUC7	alcohol dependence
chr3	136606763	REST	age-related macular degeneration
chr3	138869884	KIT	bipolar disorder
chr3	138869884	KIT	schizophrenia
chr3	143984406	COX7B2	migraine disorder
chr3	149158775	LIMCH1	migraine disorder
chr3	164352633	TBC1D19	schizophrenia
chr3	167342918	PPARGC1A	schizophrenia
chr3	183180805	STK32B	Alzheimers disease
chr3	185657939	SORCS2	hippocampal sclerosis of aging
chr3	185776064	AFAP1	open-angle glaucoma
chr3	188570386	ZFYVE28	schizophrenia
chr3	188754927	POLN	Alzheimers disease
chr3	20009615	CLCN3	schizophrenia
chr3	25300085	TLL1	multiple sclerosis
chr3	39201820	TRIM2	multiple sclerosis
chr3	44531166	NR3C2	schizophrenia
chr3	50604247	INPP4B	sporadic amyotrophic lateral sclerosis
chr3	6763231	TENM3	multiple sclerosis
chr3	6763231	TENM3	schizophrenia
chr3	74820926	SYNPO2	sporadic amyotrophic lateral sclerosis
chr3	83542163	ELOVL6	attention deficit hyperactivity disorder
chr3	83960639	PLA2G12A	age-related macular degeneration
chr3	84033291	CCDC109B	age-related macular degeneration
chr3	90613896	SLC9B2	schizophrenia
chr3	90964245	MANBA	multiple sclerosis
chr3	91061668	NFKB1	treatment refractory schizophrenia
chr3	91344964	SLC39A8	schizophrenia
chr3	91677084	BANK1	schizophrenia
chr3	98743751	BMPR1B	attention deficit hyperactivity disorder
chr4	104152722	HACE1	multiple sclerosis
chr4	104378040	LIN28B	schizophrenia
chr4	108183831	FOXO3	multiple sclerosis
chr4	108183831	FOXO3	schizophrenia
chr4	115855023	FRK	age-related macular degeneration
chr4	124857766	NKAIN2	Alzheimers disease
chr4	124857766	NKAIN2	schizophrenia
chr4	128298754	PTPRK	multiple sclerosis
chr4	128298754	PTPRK	schizophrenia
chr4	129593210	LAMA2	sporadic amyotrophic lateral sclerosis
chr4	130359577	L3MBTL3	multiple sclerosis
chr4	135949514	AHI1	multiple sclerosis
chr4	143916809	AIG1	schizophrenia
chr4	151625452	PLEKHG1	Alzheimers disease
chr4	151773096	MTHFD1L	Alzheimers disease
chr4	151773096	MTHFD1L	schizophrenia
chr4	152872475	ESR1	alcohol dependence
chr4	153243202	SYNE1	bipolar disorder
chr4	15478552	PHACTR1	migraine disorder
chr4	15721518	GMPR	unipolar depression
chr4	161167572	IGF2R	multiple sclerosis
chr4	169103779	FRMD1	attention deficit hyperactivity disorder
chr4	18217475	TFAP2A	sporadic amyotrophic lateral sclerosis
chr4	21398269	RREB1	age-related macular degeneration
chr4	21398269	RREB1	multiple sclerosis
chr4	23161770	FARS2	open-angle glaucoma
chr4	2510599	SLC17A3	schizophrenia
chr4	27139857	GMDS	open-angle glaucoma
chr4	2944760	LRRC16A	schizophrenia
chr4	30523642	TRIM26	schizophrenia
chr4	32185275	PRRC2A	schizophrenia
chr4	32447037	SLC44A4	wet macular degeneration
chr4	32535665	CFB	age-related macular degeneration
chr4	32549198	NELFE	age-related macular degeneration
chr4	32557772	SKIV2L	age-related macular degeneration
chr4	32619431	TNXB	age-related macular degeneration
chr4	32619431	TNXB	schizophrenia
chr4	32786178	NOTCH4	age-related macular degeneration
chr4	32786178	NOTCH4	schizophrenia
chr4	33640976	HLA-DOB	schizophrenia
chr4	34249135	SYNGAP1	schizophrenia
chr4	34498340	ITPR3	schizophrenia
chr4	34605318	LEMD2	schizophrenia
chr4	35862016	ANKS1A	alcohol dependence
chr4	40237661	KCNK5	migraine disorder
chr4	40585398	KIF6	attention deficit hyperactivity disorder
chr4	44135251	GLTSCR1L	bipolar disorder
chr4	44241341	PEX6	Alzheimers disease
chr4	46461145	SUPT3H	attention deficit hyperactivity disorder
chr4	49052502	CD2AP	Alzheimers disease
chr4	54340537	GCM1	glaucoma
chr4	57960458	DST	schizophrenia
chr4	61667320	LGSN	schizophrenia
chr4	686312	ZSCAN31	schizophrenia
chr4	760093	NKAPL	schizophrenia
chr4	81803500	DOPEY1	schizophrenia
chr4	82240686	PRSS35	bipolar disorder
chr4	82240686	PRSS35	schizophrenia
chr4	82328585	SNAP91	schizophrenia
chr4	88712361	ANKRD6	bipolar disorder
chr4	89179161	BACH2	multiple sclerosis
chr4	95724899	FHL5	migraine disorder
chr5	106968984	CACNA1G	Alzheimers disease
chr5	109360024	SKAP1	schizophrenia
chr5	109558969	COPZ2	epilepsy
chr5	109763172	SP6	Alzheimers disease
chr5	114052142	STAT3	multiple sclerosis
chr5	115679519	CEP112	attention deficit hyperactivity disorder
chr5	130134504	RPTOR	schizophrenia
chr5	130469944	CEP131	Frontotemporal dementia
chr5	1329918	PHF20	migraine disorder
chr5	136503054	SGCG	alcohol dependence
chr5	142541573	MTUS2	attention deficit hyperactivity disorder
chr5	142541573	MTUS2	schizophrenia
chr5	146347506	STARD13	alcohol dependence
chr5	148571590	NBEA	migraine disorder
chr5	152840372	LHFP	hippocampal atrophy
chr5	155365466	DGKH	bipolar disorder
chr5	156581827	ENOX1	unipolar depression
chr5	2001864	MMP24	attention deficit hyperactivity disorder
chr5	2084110	PROCR	sporadic amyotrophic lateral sclerosis
chr5	21585089	MACROD2	Alzheimers disease
chr5	21585089	MACROD2	autism
chr5	21585089	MACROD2	sporadic amyotrophic lateral sclerosis
chr5	31198315	RPN2	hippocampal atrophy
chr5	32652563	ARHGAP40	schizophrenia
chr5	32921640	PPP1R16B	schizophrenia
chr5	35498489	CHD6	hippocampal atrophy
chr5	39152938	STK4	schizophrenia
chr5	39249419	KCNS1	bipolar disorder
chr5	40127849	NCOA5	multiple sclerosis
chr5	41769108	SULF2	attention deficit hyperactivity disorder
chr5	4438081	MAPRE1	attention deficit hyperactivity disorder
chr5	4478567	DNMT3B	attention deficit hyperactivity disorder
chr5	50438751	CASS4	Alzheimers disease
chr5	51593533	ZBP1	hippocampal atrophy
chr5	57330576	CHRNA4	nicotine dependence
chr5	57785430	ZBTB46	multiple sclerosis
chr5	59935802	SPECC1	schizophrenia
chr5	61114338	SGSM2	autism spectrum disorder
chr5	61168389	SRR	schizophrenia
chr5	61307101	SMG6	schizophrenia
chr5	62178202	YWHAE	schizophrenia
chr5	62587113	ITGAE	attention deficit hyperactivity disorder
chr5	64104072	EPN2	schizophrenia
chr5	64674867	TOP3A	multiple sclerosis
chr5	64911742	GID4	schizophrenia
chr5	68607527	ELAC2	schizophrenia
chr5	70363994	SHISA6	schizophrenia
chr5	74167373	TP53	glioblastoma multiforme
chr5	79608254	WNT3	Alzheimers disease
chr5	8233131	TGM6	Alzheimers disease
chr5	84652568	RPS6KB1	multiple sclerosis
chr5	86083616	BCAS3	Alzheimers disease
chr5	91464811	ASIC2	sporadic amyotrophic lateral sclerosis
chr5	92172668	RHBDL3	schizophrenia
chr5	9624338	CDC25B	bipolar disorder
chr5	99512761	CUEDC1	hippocampal sclerosis of aging
chr5	99512761	CUEDC1	multiple sclerosis
chr5	99887193	MSI2	schizophrenia
chr6	113446438	PLCL1	schizophrenia
chr6	114647578	SATB2	schizophrenia
chr6	121086472	PARD3B	attention deficit hyperactivity disorder
chr6	121086472	PARD3B	autism
chr6	123581546	METTL21A	sporadic amyotrophic lateral sclerosis
chr6	127711601	ERBB4	sporadic amyotrophic lateral sclerosis
chr6	132437695	PECR	alcohol dependence
chr6	132656638	MARCH4	migraine disorder
chr6	141065085	CUL3	schizophrenia
chr6	144537035	SPHKAP	schizophrenia
chr6	146756189	SP140	multiple sclerosis
chr6	149238863	GIGYF2	schizophrenia
chr6	149323723	C2orf82	schizophrenia
chr6	149614042	INPP5D	Alzheimers disease
chr6	150324787	TRPM8	migraine disorder
chr6	150324787	TRPM8	sporadic amyotrophic lateral sclerosis
chr6	152308312	AGAP1	schizophrenia
chr6	157099213	RNPEPL1	bipolar disorder
chr6	16751392	MAN2A2	attention deficit hyperactivity disorder
chr6	16783100	FURIN	schizophrenia
chr6	19299864	NTRK3	schizophrenia
chr6	20970226	AGBL1	schizophrenia
chr6	22250387	CPEB1	schizophrenia
chr6	23241074	SH3GL3	schizophrenia
chr6	23635598	ADAMTSL3	schizophrenia
chr6	31609214	LIMS2	Alzheimers disease
chr6	3178010	GABRG3	Alzheimers disease
chr6	33483357	ZNF804A	schizophrenia
chr6	36291576	PDE1A	Alzheimers disease
chr6	38854158	ZNF385B	schizophrenia
chr6	44056731	CIR1	schizophrenia
chr6	46727835	SLC25A12	sporadic amyotrophic lateral sclerosis
chr6	52446289	SCN9A	schizophrenia
chr6	52699274	SCN1A	epilepsy
chr6	70758537	EPC2	schizophrenia
chr6	85640682	MGAT5	multiple sclerosis
chr6	85640682	MGAT5	schizophrenia
chr6	87012494	NCKAP5	attention deficit hyperactivity disorder
chr6	87012494	NCKAP5	multiple sclerosis
chr6	87012494	NCKAP5	open-angle glaucoma
chr6	89718546	DPP10	attention deficit hyperactivity disorder
chr6	89718546	DPP10	bipolar disorder
chr6	93659647	CFAP221	attention deficit hyperactivity disorder
chr6	98637342	CNTNAP5	schizophrenia
chr7	101973376	PDE4B	schizophrenia
chr7	107517914	NEGR1	schizophrenia
chr7	11577396	FRMD4A	migraine disorder
chr7	125760767	LRRC8C	sporadic amyotrophic lateral sclerosis
chr7	12875053	ACBD7	hippocampal sclerosis of aging
chr7	128976210	EVI5	multiple sclerosis
chr7	139242076	COL11A1	glaucoma
chr7	139242076	COL11A1	primary angle closure glaucoma
chr7	145382893	ATXN7L2	unipolar depression
chr7	14545232	RSU1	migraine disorder
chr7	145478364	GNAI3	unipolar depression
chr7	150466622	TRIM33	autism
chr7	151143660	TSPAN2	schizophrenia
chr7	152662225	CD58	multiple sclerosis
chr7	16334750	CACNB2	schizophrenia
chr7	25428419	MPP7	open-angle glaucoma
chr7	2605497	KLF6	schizophrenia
chr7	26701810	SVIL	multiple sclerosis
chr7	28910193	KIF5B	bipolar disorder
chr7	30050915	NRP1	migraine disorder
chr7	36936623	PLCH2	schizophrenia
chr7	404141	ADARB2	migraine disorder
chr7	41065136	DNAJC11	schizophrenia
chr7	42125011	CAMTA1	alcohol dependence
chr7	42783454	SLC45A1	schizophrenia
chr7	42853603	RERE	schizophrenia
chr7	44887602	KIF1B	multiple sclerosis
chr7	45235575	CASZ1	migraine disorder
chr7	4558856	IL2RA	multiple sclerosis
chr7	58074168	MYOM3	bipolar disorder
chr7	63075116	OPRD1	schizophrenia
chr7	63259976	EPB41	sporadic amyotrophic lateral sclerosis
chr7	63429526	MECR	schizophrenia
chr7	65548641	ZCCHC17	schizophrenia
chr7	65650964	SERINC2	alcohol dependence
chr7	67929001	CSMD2	attention deficit hyperactivity disorder
chr7	70186366	AGO4	schizophrenia
chr7	70518235	TRAPPC3	schizophrenia
chr7	78328418	PTPRF	schizophrenia
chr7	81411604	MKNK1	schizophrenia
chr7	85052628	ELAVL4	schizophrenia
chr7	85539374	FAF1	alcohol dependence
chr7	88340943	SLC1A7	hippocampal atrophy
chr7	89491248	MRPL37	migraine disorder
chr7	9651824	CELF2	Alzheimers disease
chr7	96642973	NFIA	bipolar disorder
chr8	106211519	TBXAS1	migraine disorder
chr8	106211519	TBXAS1	sporadic amyotrophic lateral sclerosis
chr8	108599430	DGKI	schizophrenia
chr8	11069962	HECW1	Alzheimers disease
chr8	112480816	EXOC4	Alzheimers disease
chr8	112480816	EXOC4	schizophrenia
chr8	114808944	MKLN1	unipolar depression
chr8	119380649	GRM8	sporadic Creutzfeld Jacob disease
chr8	119380649	GRM8	unipolar depression
chr8	122493050	WASL	migraine disorder
chr8	124021209	FEZF1	schizophrenia
chr8	13220319	ADCY1	schizophrenia
chr8	17576586	GRB10	treatment refractory schizophrenia
chr8	2098187	BMPER	Alzheimers disease
chr8	22169515	EGFR	glioblastoma multiforme
chr8	26990381	CREB5	attention deficit hyperactivity disorder
chr8	32817026	FAM126A	bipolar disorder
chr8	34437930	SP4	schizophrenia
chr8	34437930	SP4	unipolar depression
chr8	39495672	BZW2	Alzheimers disease
chr8	49407743	C1GALT1	multiple sclerosis
chr8	4993237	ELMO1	Alzheimers disease
chr8	5790296	EPDR1	primary angle closure glaucoma
chr8	60245459	ABCB1	schizophrenia
chr8	60656099	DMTF1	schizophrenia
chr8	61064115	GRM3	schizophrenia
chr8	63853442	SEMA3A	attention deficit hyperactivity disorder
chr8	69828099	MAGI2	hippocampal atrophy
chr8	69828099	MAGI2	schizophrenia
chr8	7123904	POU6F2	schizophrenia
chr8	71961116	RELN	Alzheimers disease
chr8	71961116	RELN	schizophrenia
chr8	73585926	SRPK2	schizophrenia
chr8	74132408	ATXN7L1	Alzheimers disease
chr8	74132408	ATXN7L1	schizophrenia
chr8	79562356	IMMP2L	schizophrenia
chr8	85641562	MET	multiple sclerosis
chr8	91834560	DPP6	attention deficit hyperactivity disorder
chr8	9277922	INHBA	migraine disorder
chr8	9277922	INHBA	schizophrenia
chr8	9634380	GLI3	age-related macular degeneration
chr8	98252492	CNTNAP2	Alzheimers disease
chr9	100196896	C12orf76	schizophrenia
chr9	100491425	ATP2A2	schizophrenia
chr9	101681753	ATXN2	open-angle glaucoma
chr9	104380318	RBM19	sporadic amyotrophic lateral sclerosis
chr9	107873478	NOS1	schizophrenia
chr9	109068868	SUDS3	Alzheimers disease
chr9	109068868	SUDS3	hippocampal sclerosis of aging
chr9	110289088	CCDC60	schizophrenia
chr9	113236225	CLIP1	schizophrenia
chr9	114107409	MPHOSPH9	multiple sclerosis
chr9	114107409	MPHOSPH9	schizophrenia
chr9	114184352	C12orf65	schizophrenia
chr9	116585374	TMEM132B	sporadic amyotrophic lateral sclerosis
chr9	120086730	TMEM132D	schizophrenia
chr9	122197441	ADGRD1	sporadic amyotrophic lateral sclerosis
chr9	122902131	MMP17	migraine disorder
chr9	14232693	CACNA1C	bipolar disorder
chr9	14232693	CACNA1C	schizophrenia
chr9	14920305	TSPAN9	sporadic amyotrophic lateral sclerosis
chr9	18071490	TNFRSF1A	multiple sclerosis
chr9	29977276	PDZRN4	multiple sclerosis
chr9	30601504	CNTN1	bipolar disorder
chr9	35101019	BICD1	multiple sclerosis
chr9	37573438	CACNB3	bipolar disorder
chr9	39010556	LIMA1	schizophrenia
chr9	40347549	SLC4A8	Alzheimers disease
chr9	42438054	ATF7	migraine disorder
chr9	45880124	NAB2	schizophrenia
chr9	45982091	LRP1	migraine disorder
chr9	46558059	AGAP2	multiple sclerosis
chr9	46599341	METTL1	multiple sclerosis
chr9	5490347	DERA	glaucoma
chr9	71174221	PPFIA2	alcohol dependence
chr9	71174221	PPFIA2	schizophrenia
chr9	7871740	GRIN2B	Alzheimers disease
chr9	7871740	GRIN2B	schizophrenia
chr9	7871740	GRIN2B	unipolar depression
chr9	78813144	POC1B	schizophrenia
chr9	83735778	CRADD	Alzheimers disease
chr9	85157801	FGD6	wet macular degeneration
chr9	91216907	ANO4	Alzheimers disease
chr9	93380244	C12orf42	schizophrenia
chr9	93808543	NT5DC3	attention deficit hyperactivity disorder
chr9	96434810	POLR3B	glioblastoma multiforme
chr9	96974752	TMEM263	low tension glaucoma
chrX	11607250	EGFL6	multiple sclerosis
chrX	140479842	RENBP	schizophrenia
chrX	40370690	HNRNPC	bipolar disorder
chrY	1874985	SCAPER	schizophrenia
